,순번,영화명,감독,제작사,수입사,배급사,개봉일,영화유형,영화형태,국적,전국 스크린수,전국 매출액,전국 관객수,서울 매출액,서울 관객수,장르,등급,영화구분,openYear
4,5,어벤져스: 엔드게임,"안소니 루소,조 루소",,월트디즈니컴퍼니코리아 유한책임회사,월트디즈니컴퍼니코리아 유한책임회사,2019-04-24,개봉영화,장편,미국,2835,122182694160.0,13934592,33577136860.0,3597963,액션,12세이상관람가,일반영화,2019
5,6,겨울왕국 2,"크리스 벅,제니퍼 리",,월트디즈니컴퍼니코리아 유한책임회사,월트디즈니컴퍼니코리아 유한책임회사,2019-11-21,개봉영화,장편,미국,2648,114810421450.0,13747792,28824682580.0,3225974,애니메이션,전체관람가,일반영화,2019
12,13,알라딘,가이 리치,,월트디즈니컴퍼니코리아 유한책임회사,월트디즈니컴퍼니코리아 유한책임회사,2019-05-23,개봉영화,장편,미국,1311,106983620359.0,12555894,30218911039.0,3377404,어드벤처,전체관람가,일반영화,2019
21,22,어벤져스: 인피니티 워,"안소니 루소,조 루소",,월트디즈니컴퍼니코리아 유한책임회사,월트디즈니컴퍼니코리아 유한책임회사,2018-04-25,개봉영화,장편,미국,2553,99919006769.0,11211880,28631269069.0,3008819,액션,12세이상관람가,일반영화,2018
23,24,어벤져스: 에이지 오브 울트론,조스 웨던,,월트디즈니컴퍼니코리아(주),"월트디즈니컴퍼니코리아 유한책임회사,월트디즈니컴퍼니코리아(주)",2015-04-23,개봉영화,장편,미국,1843,88582586366.0,10494499,25001906266.0,2823388,액션,12세이상관람가,일반영화,2015
25,26,겨울왕국,"크리스 벅,제니퍼 리",,소니픽쳐스릴리징월트디즈니스튜디오스코리아(주),소니픽쳐스릴리징월트디즈니스튜디오스코리아(주),2014-01-16,개봉영화,장편,미국,1010,82461504400.0,10296101,25847243500.0,3003446,애니메이션,전체관람가,일반영화,2014
27,28,보헤미안 랩소디,브라이언 싱어,,이십세기폭스코리아(주),"월트디즈니컴퍼니코리아 유한책임회사,이십세기폭스코리아(주)",2018-10-31,개봉영화,장편,미국,936,86280975785.0,9948386,27849793695.0,3097336,드라마,12세이상관람가,일반영화,2018
31,32,아이언맨 3,쉐인 블랙,파라마운트 픽쳐스,소니픽쳐스릴리징월트디즈니스튜디오스코리아(주),소니픽쳐스릴리징월트디즈니스튜디오스코리아(주),2013-04-25,개봉영화,장편,미국,1381,70806191000.0,9001309,21668935500.0,2595269,액션,12세이상관람가,일반영화,2013
33,34,캡틴 아메리카: 시빌 워,"안소니 루소,조 루소",,월트디즈니컴퍼니코리아(주),월트디즈니컴퍼니코리아(주),2016-04-27,개봉영화,장편,미국,1991,72672111827.0,8677249,21248121149.0,2400069,액션,12세이상관람가,일반영화,2016
57,58,어벤져스,조스 웨던,,한국소니픽쳐스릴리징브에나비스타영화㈜,"월트디즈니컴퍼니코리아 유한책임회사,한국소니픽쳐스릴리징브에나비스타영화㈜",2012-04-26,개봉영화,장편,미국,967,59557853478.0,7074867,19280107897.0,2147619,액션,12세이상관람가,일반영화,2012
82,83,캡틴 마블,"애너 보든,라이언 플렉",,월트디즈니컴퍼니코리아 유한책임회사,월트디즈니컴퍼니코리아 유한책임회사,2019-03-06,개봉영화,장편,미국,2100,51491272223.0,5801069,15433909683.0,1650932,액션,12세이상관람가,일반영화,2019
94,95,앤트맨과 와스프,페이튼 리드,,월트디즈니컴퍼니코리아 유한책임회사,월트디즈니컴퍼니코리아 유한책임회사,2018-07-04,개봉영화,장편,미국,1775,47465443185.0,5447826,13821594585.0,1503229,액션,12세이상관람가,일반영화,2018
95,96,닥터 스트레인지,스콧 데릭슨,,월트디즈니컴퍼니코리아(주),월트디즈니컴퍼니코리아(주),2016-10-26,개봉영화,장편,미국,1503,47482530396.0,5446379,15365072146.0,1657823,액션,12세이상관람가,일반영화,2016
98,99,블랙 팬서,라이언 쿠글러,,월트디즈니컴퍼니코리아 유한책임회사,월트디즈니컴퍼니코리아 유한책임회사,2018-02-14,개봉영화,장편,미국,1620,45883143457.0,5398994,13105688057.0,1468761,액션,12세이상관람가,일반영화,2018
109,110,미녀와 야수,빌 콘돈,,월트디즈니컴퍼니코리아 유한책임회사,월트디즈니컴퍼니코리아 유한책임회사,2017-03-16,개봉영화,장편,미국,1627,42130589579.0,5137993,13177630229.0,1531839,멜로/로맨스,전체관람가,일반영화,2017
115,116,인사이드 아웃,피트 닥터,,월트디즈니컴퍼니코리아(주),월트디즈니컴퍼니코리아(주),2015-07-09,개봉영화,장편,미국,777,38015586936.0,4968687,12814825236.0,1594626,애니메이션,전체관람가,일반영화,2015
116,117,캐리비안의 해적: 세상의 끝에서,고어 버빈스키,"제리 브룩하이머 필름,월트 디즈니 픽쳐스",한국소니픽쳐스릴리징브에나비스타영화㈜,한국소니픽쳐스릴리징브에나비스타영화㈜,2007-05-23,개봉영화,장편,미국,0,0.0,4966571,0.0,1481077,액션,12세이상관람가,일반영화,2007
121,122,마션,리들리 스콧,,이십세기폭스코리아(주),"월트디즈니컴퍼니코리아 유한책임회사,이십세기폭스코리아(주)",2015-10-08,개봉영화,장편,미국,1132,39612764295.0,4875494,12914889095.0,1509471,액션,12세이상관람가,일반영화,2015
122,123,토르: 라그나로크,타이카 와이티티,,월트디즈니컴퍼니코리아 유한책임회사,월트디즈니컴퍼니코리아 유한책임회사,2017-10-25,개봉영화,장편,미국,1640,39248432595.0,4857152,12088848195.0,1419464,액션,12세이상관람가,일반영화,2017
129,130,라이온 킹,존 파브로,,월트디즈니컴퍼니코리아 유한책임회사,월트디즈니컴퍼니코리아 유한책임회사,2019-07-17,개봉영화,장편,미국,1936,41518977430.0,4743184,11620751790.0,1218042,어드벤처,전체관람가,일반영화,2019
131,132,주토피아,"바이론 하워드,리치 무어",,월트디즈니컴퍼니코리아(주),월트디즈니컴퍼니코리아(주),2016-02-17,개봉영화,장편,미국,661,37077444042.0,4703245,12142771642.0,1465960,애니메이션,전체관람가,일반영화,2016
137,138,캐리비안의 해적 : 망자의 함,고어 버빈스키,월트 디즈니 픽쳐스,브에나비스타인터내셔널코리아,브에나비스타인터내셔널코리아,2006-07-06,개봉영화,장편,미국,0,0.0,4628903,0.0,1525853,액션,12세관람가,일반영화,2006
154,155,어메이징 스파이더맨 2,마크 웹,,소니픽쳐스릴리징월트디즈니스튜디오스코리아(주),소니픽쳐스릴리징월트디즈니스튜디오스코리아(주),2014-04-23,개봉영화,장편,미국,1312,34869056800.0,4168350,10562832700.0,1187974,액션,12세이상관람가,일반영화,2014
170,171,캡틴 아메리카: 윈터 솔져,"조 루소,안소니 루소",,소니픽쳐스릴리징월트디즈니스튜디오스코리아(주),소니픽쳐스릴리징월트디즈니스튜디오스코리아(주),2014-03-26,개봉영화,장편,미국,1106,31710585385.0,3963220,10405400885.0,1237982,액션,15세이상관람가,일반영화,2014
200,201,코코,리 언크리치,,월트디즈니컴퍼니코리아 유한책임회사,월트디즈니컴퍼니코리아 유한책임회사,2018-01-11,개봉영화,장편,미국,1177,27685479440.0,3510017,8547812240.0,1024250,애니메이션,전체관람가,일반영화,2018
211,212,토이 스토리 4,조시 쿨리,,월트디즈니컴퍼니코리아 유한책임회사,월트디즈니컴퍼니코리아 유한책임회사,2019-06-20,개봉영화,장편,미국,1336,28757726040.0,3399913,9071405870.0,1009214,애니메이션,전체관람가,일반영화,2019
220,221,데드풀,팀 밀러,,이십세기폭스코리아(주),"월트디즈니컴퍼니코리아 유한책임회사,이십세기폭스코리아(주)",2016-02-17,개봉영화,장편,미국,1036,27595618651.0,3317196,9150924002.0,1062535,액션,청소년관람불가,일반영화,2016
224,225,스타워즈: 깨어난 포스,J.J. 에이브럼스,,월트디즈니컴퍼니코리아(주),월트디즈니컴퍼니코리아(주),2015-12-17,개봉영화,장편,미국,940,28353796331.0,3273879,9631617574.0,1047074,액션,12세이상관람가,일반영화,2015
248,249,캐리비안의 해적: 죽은 자는 말이 없다,"요아킴 뢰닝,에스펜 샌버그",,월트디즈니컴퍼니코리아 유한책임회사,월트디즈니컴퍼니코리아 유한책임회사,2017-05-24,개봉영화,장편,미국,1357,24975495122.0,3049894,7206844722.0,839897,액션,12세이상관람가,일반영화,2017
250,251,토르: 다크 월드,앨런 테일러,,소니픽쳐스릴리징월트디즈니스튜디오스코리아(주),소니픽쳐스릴리징월트디즈니스튜디오스코리아(주),2013-10-30,개봉영화,장편,미국,733,22525808500.0,3039889,6890911500.0,885699,액션,12세이상관람가,일반영화,2013
253,254,인크레더블 2,브래드 버드,,월트디즈니컴퍼니코리아 유한책임회사,월트디즈니컴퍼니코리아 유한책임회사,2018-07-18,개봉영화,장편,미국,1605,24554683588.0,3033052,7611573288.0,880527,애니메이션,전체관람가,일반영화,2018
279,280,앤트맨,페이튼 리드,,월트디즈니컴퍼니코리아(주),월트디즈니컴퍼니코리아(주),2015-09-03,개봉영화,장편,미국,949,23502249937.0,2839921,7332839937.0,840337,액션,12세이상관람가,일반영화,2015
286,287,빅 히어로,"돈 홀,크리스 윌리암스",,월트디즈니컴퍼니코리아(주),월트디즈니컴퍼니코리아(주),2015-01-21,개봉영화,장편,미국,825,21993119765.0,2801949,6512949165.0,772249,애니메이션,전체관람가,일반영화,2015
293,294,가디언즈 오브 갤럭시 VOL. 2,제임스 건,,월트디즈니컴퍼니코리아 유한책임회사,월트디즈니컴퍼니코리아 유한책임회사,2017-05-03,개봉영화,장편,미국,1218,23452674686.0,2735719,7669006186.0,854131,액션,12세이상관람가,일반영화,2017
313,314,도리를 찾아서,앤드류 스탠튼,,월트디즈니컴퍼니코리아(주),월트디즈니컴퍼니코리아(주),2016-07-06,개봉영화,장편,미국,1091,20703899933.0,2601734,6199961913.0,724706,애니메이션,전체관람가,일반영화,2016
324,325,정글북,존 파브로,,월트디즈니컴퍼니코리아(주),월트디즈니컴퍼니코리아(주),2016-06-09,개봉영화,장편,미국,924,21457807134.0,2532051,6360280354.0,702113,어드벤처,12세이상관람가,일반영화,2016
331,332,"나니아 연대기-사자,마녀 그리고 옷장",앤드류 아담슨,월트 디즈니 픽쳐스,브에나비스타인터내셔널코리아,브에나비스타인터내셔널코리아,2005-12-29,개봉영화,장편,미국,0,0.0,2505133,0.0,714948,가족,전체관람가,일반영화,2005
345,346,터미네이터: 다크 페이트,팀 밀러,,월트디즈니컴퍼니코리아 유한책임회사,월트디즈니컴퍼니코리아 유한책임회사,2019-10-30,개봉영화,장편,미국,1315,20167141830.0,2410227,5471943420.0,623198,액션,15세이상관람가,일반영화,2019
351,352,007 스카이폴,샘 멘데스,,소니픽쳐스릴리징월트디즈니스튜디오스코리아(주),소니픽쳐스릴리징월트디즈니스튜디오스코리아(주),2012-10-26,개봉영화,장편,미국,748,17487213000.0,2376145,6160910500.0,793030,액션,15세이상관람가,일반영화,2012
363,364,모아나,"론 클레멘츠,존 머스커",,월트디즈니컴퍼니코리아 유한책임회사,월트디즈니컴퍼니코리아 유한책임회사,2017-01-12,개봉영화,장편,미국,953,18055062307.0,2310054,4735422707.0,572295,애니메이션,전체관람가,일반영화,2017
399,400,이상한 나라의 앨리스,팀 버튼,월트 디즈니 픽쳐스,한국소니픽쳐스릴리징브에나비스타영화㈜,한국소니픽쳐스릴리징브에나비스타영화㈜,2010-03-04,개봉영화,장편,미국,401,20661000236.0,2182365,7781819000.0,760628,판타지,전체관람가,일반영화,2010
424,425,로건,제임스 맨골드,,이십세기폭스코리아(주),"월트디즈니컴퍼니코리아 유한책임회사,이십세기폭스코리아(주)",2017-03-01,개봉영화,장편,미국,954,17590962723.0,2070084,5779445923.0,655286,액션,청소년관람불가,일반영화,2017
434,435,캐리비안의 해적 : 블랙펄의 저주,고어 버빈스키,"월트 디즈니 픽쳐스,제리 브룩하이머 필름,터치스톤 픽쳐스",,월트디즈니코리아㈜,2003-09-05,개봉영화,장편,미국,0,0.0,2010460,0.0,738275,어드벤처,12세관람가,일반영화,2003
437,438,페르시아의 왕자: 시간의 모래,마이크 뉴웰,월트 디즈니 픽쳐스,한국소니픽쳐스릴리징브에나비스타영화㈜,한국소니픽쳐스릴리징브에나비스타영화㈜,2010-05-27,개봉영화,장편,미국,570,14717552534.0,2003533,4744931500.0,613211,액션,12세이상관람가,일반영화,2010
446,447,알리타: 배틀 엔젤,로버트 로드리게즈,,이십세기폭스코리아(주),"월트디즈니컴퍼니코리아 유한책임회사,이십세기폭스코리아(주)",2019-02-05,개봉영화,장편,미국,1043,18527661667.0,1949372,5508845197.0,540123,액션,12세이상관람가,일반영화,2019
501,502,내셔널 트레져:비밀의 책,존 터틀타웁,"제리 브룩하이머 필름,월트 디즈니 픽쳐스",한국소니픽쳐스릴리징브에나비스타영화㈜,한국소니픽쳐스릴리징브에나비스타영화㈜,2007-12-19,개봉영화,장편,미국,0,,1756319,,522043,액션,12세이상관람가,일반영화,2007
502,503,주먹왕 랄프 2: 인터넷 속으로,리치 무어,,월트디즈니컴퍼니코리아 유한책임회사,월트디즈니컴퍼니코리아 유한책임회사,2019-01-03,개봉영화,장편,미국,1453,13877029723.0,1754375,3619852653.0,429885,애니메이션,전체관람가,일반영화,2019
596,597,토이 스토리 3,리 언크리치,"픽사 애니메이션 스튜디오,월트디즈니 애니메이션 스튜디오",한국소니픽쳐스릴리징브에나비스타영화㈜,한국소니픽쳐스릴리징브에나비스타영화㈜,2010-08-05,개봉영화,장편,미국,394,14556420970.0,1484843,5326645000.0,511917,가족,전체관람가,일반영화,2010
612,613,말레피센트 2,요아킴 뢰닝,,월트디즈니컴퍼니코리아 유한책임회사,월트디즈니컴퍼니코리아 유한책임회사,2019-10-17,개봉영화,장편,미국,1108,12191395690.0,1444952,3153886600.0,352835,어드벤처,12세이상관람가,일반영화,2019
625,626,위대한 쇼맨,마이클 그레이시,,이십세기폭스코리아(주),"월트디즈니컴퍼니코리아 유한책임회사,이십세기폭스코리아(주)",2017-12-20,개봉영화,장편,미국,702,11511889500.0,1402809,5093464700.0,606546,드라마,12세이상관람가,일반영화,2017
628,629,말레피센트,로버트 스트롬버그,,소니픽쳐스릴리징월트디즈니스튜디오스코리아(주),소니픽쳐스릴리징월트디즈니스튜디오스코리아(주),2014-05-29,개봉영화,장편,미국,554,10776965900.0,1397526,3434954900.0,423807,액션,12세이상관람가,일반영화,2014
636,637,내셔널 트레져,존 터틀타웁,"터치스톤 픽처스,제리 브룩하이머 필름",월트디즈니컴퍼니코리아(주),한국소니픽쳐스릴리징브에나비스타영화㈜,2004-12-31,개봉영화,장편,미국,0,0.0,1384507,0.0,445917,액션,12세관람가,일반영화,2004
644,645,퓨리,데이비드 에이어,,소니픽쳐스릴리징월트디즈니스튜디오스코리아(주),소니픽쳐스릴리징월트디즈니스튜디오스코리아(주),2014-11-20,개봉영화,장편,미국,590,10367640686.0,1362114,3235026086.0,408093,액션,15세이상관람가,일반영화,2014
645,646,포드 V 페라리,제임스 맨골드,,월트디즈니컴퍼니코리아 유한책임회사,월트디즈니컴퍼니코리아 유한책임회사,2019-12-04,개봉영화,장편,미국,986,11977959920.0,1361794,4620407110.0,504576,액션,12세이상관람가,일반영화,2019
655,656,굿 다이노,피터 손,,월트디즈니컴퍼니코리아(주),월트디즈니컴퍼니코리아(주),2016-01-07,개봉영화,장편,미국,814,9753434238.0,1328394,2322181446.0,300420,애니메이션,전체관람가,일반영화,2016
661,662,가디언즈 오브 갤럭시,제임스 건,,소니픽쳐스릴리징월트디즈니스튜디오스코리아(주),소니픽쳐스릴리징월트디즈니스튜디오스코리아(주),2014-07-31,개봉영화,장편,미국,539,11098239184.0,1311190,4116280484.0,460828,액션,12세이상관람가,일반영화,2014
673,674,니모를 찾아서,앤드류 스탠튼,월트디즈니코리아㈜,,월트디즈니코리아㈜,2003-06-05,개봉영화,장편,미국,0,0.0,1286412,0.0,620593,애니메이션,전체관람가,일반영화,2003
702,703,킹 아더,안톤 후쿠아,"제리 브룩하이머 필름,월트디즈니코리아㈜",,한국소니픽쳐스릴리징브에나비스타영화㈜,2004-07-23,개봉영화,장편,미국,0,0.0,1213584,0.0,428080,사극,15세관람가,일반영화,2004
706,707,엘리시움,닐 블롬캠프,,소니픽쳐스릴리징월트디즈니스튜디오스코리아(주),소니픽쳐스릴리징월트디즈니스튜디오스코리아(주),2013-08-29,개봉영화,장편,미국,588,9017994500.0,1207732,3172662500.0,403184,SF,청소년관람불가,일반영화,2013
740,741,인크레더블,브래드 버드,"월트 디즈니 픽쳐스,픽사 애니메이션 스튜디오",한국소니픽쳐스릴리징브에나비스타영화㈜,한국소니픽쳐스릴리징브에나비스타영화㈜,2004-12-15,개봉영화,장편,미국,0,0.0,1155067,0.0,492585,애니메이션,전체관람가,일반영화,2004
788,789,라따뚜이,브래드 버드,"픽사 애니메이션 스튜디오,월트 디즈니 픽쳐스",한국소니픽쳐스릴리징브에나비스타영화㈜,한국소니픽쳐스릴리징브에나비스타영화㈜,2007-07-25,개봉영화,장편,미국,0,0.0,1054886,0.0,422379,애니메이션,전체관람가,일반영화,2007
790,791,업,"피트 닥터,밥 피터슨","월트 디즈니 픽쳐스,픽사 애니메이션 스튜디오",한국소니픽쳐스릴리징브에나비스타영화㈜,한국소니픽쳐스릴리징브에나비스타영화㈜,2009-07-29,개봉영화,장편,미국,374,7652994608.0,1047327,3189205000.0,411959,애니메이션,전체관람가,일반영화,2009
808,809,로그 원: 스타워즈 스토리,가렛 에드워즈,,월트디즈니컴퍼니코리아 유한책임회사,월트디즈니컴퍼니코리아 유한책임회사,2016-12-28,개봉영화,장편,미국,907,9047995594.0,1019309,3187685444.0,339042,액션,12세이상관람가,일반영화,2016
832,833,로보캅,호세 파딜라,,소니픽쳐스릴리징월트디즈니스튜디오스코리아(주),소니픽쳐스릴리징월트디즈니스튜디오스코리아(주),2014-02-13,개봉영화,장편,미국,627,7299641958.0,979509,2235608658.0,282862,액션,12세이상관람가,일반영화,2014
843,844,스타워즈: 라스트 제다이,라이언 존슨,,월트디즈니컴퍼니코리아 유한책임회사,월트디즈니컴퍼니코리아 유한책임회사,2017-12-14,개봉영화,장편,미국,1107,8666688961.0,959577,3358015861.0,335664,액션,12세이상관람가,일반영화,2017
876,877,주먹왕 랄프,리치 무어,,소니픽쳐스릴리징월트디즈니스튜디오스코리아(주),소니픽쳐스릴리징월트디즈니스튜디오스코리아(주),2012-12-19,개봉영화,장편,미국,361,6589435500.0,918183,1831749500.0,239435,애니메이션,전체관람가,일반영화,2012
894,895,몬스터 호텔,젠디 타타코브스키,,소니픽쳐스릴리징월트디즈니스튜디오스코리아(주),소니픽쳐스릴리징월트디즈니스튜디오스코리아(주),2013-01-17,개봉영화,장편,미국,489,6080221500.0,884885,1313395000.0,178356,애니메이션,전체관람가,일반영화,2013
905,906,몬스터 대학교,댄 스캔론,,소니픽쳐스릴리징월트디즈니스튜디오스코리아(주),소니픽쳐스릴리징월트디즈니스튜디오스코리아(주),2013-09-12,개봉영화,장편,미국,381,5873833500.0,870065,1275663500.0,177219,애니메이션,전체관람가,일반영화,2013
906,907,개구쟁이 스머프 2,라자 고스넬,,소니픽쳐스릴리징월트디즈니스튜디오스코리아(주),소니픽쳐스릴리징월트디즈니스튜디오스코리아(주),2013-08-01,개봉영화,장편,미국,478,5655415500.0,869805,1187088500.0,173681,애니메이션,전체관람가,일반영화,2013
954,955,하늘에서 음식이 내린다면 2,"코디 카메론,크리스 피언",,소니픽쳐스릴리징월트디즈니스튜디오스코리아(주),소니픽쳐스릴리징월트디즈니스튜디오스코리아(주),2013-11-21,개봉영화,장편,미국,545,5423213000.0,800062,1182203500.0,162353,애니메이션,전체관람가,일반영화,2013
1005,1006,80일간의 세계 일주,프랑코 코라시,(주)쇼박스,월트 디즈니 픽쳐스,(주)쇼박스,2004-09-17,개봉영화,장편,미국,0,0.0,721858,0.0,175250,코미디,,일반영화,2004
1010,1011,신데렐라,케네스 브래너,,월트디즈니컴퍼니코리아(주),월트디즈니컴퍼니코리아(주),2015-03-19,개봉영화,장편,미국,531,5499767900.0,716386,1654573800.0,205943,멜로/로맨스,전체관람가,일반영화,2015
1138,1139,치킨리틀,마크 딘달,월트 디즈니 픽쳐스,브에나비스타인터내셔널코리아,브에나비스타인터내셔널코리아,2006-01-26,개봉영화,장편,미국,0,0.0,584706,0.0,163151,애니메이션,전체관람가,일반영화,2006
1145,1146,인시디어스: 두번째 집,제임스 완,,소니픽쳐스릴리징월트디즈니스튜디오스코리아(주),소니픽쳐스릴리징월트디즈니스튜디오스코리아(주),2013-12-05,개봉영화,장편,미국,405,4001207000.0,577758,1051192000.0,143845,공포(호러),15세이상관람가,일반영화,2013
1155,1156,화이트 하우스 다운,롤랜드 에머리히,,소니픽쳐스릴리징월트디즈니스튜디오스코리아(주),소니픽쳐스릴리징월트디즈니스튜디오스코리아(주),2013-06-27,개봉영화,장편,미국,480,4015707500.0,569500,1348600000.0,184731,액션,15세이상관람가,일반영화,2013
1186,1187,빌리지,M. 나이트 샤말란,터치스톤 픽처스,월트디즈니컴퍼니코리아(주),한국소니픽쳐스릴리징브에나비스타영화㈜,2004-09-24,개봉영화,장편,미국,0,0.0,542950,0.0,234812,공포(호러),12세관람가,일반영화,2004
1194,1195,애프터 어스,M. 나이트 샤말란,,소니픽쳐스릴리징월트디즈니스튜디오스코리아(주),소니픽쳐스릴리징월트디즈니스튜디오스코리아(주),2013-05-30,개봉영화,장편,미국,484,3831856167.0,537920,1266901167.0,168880,SF,12세이상관람가,일반영화,2013
1225,1226,호두까기 인형과 4개의 왕국,"라세 할스트롬,조 존스톤",,월트디즈니컴퍼니코리아 유한책임회사,월트디즈니컴퍼니코리아 유한책임회사,2018-12-06,개봉영화,장편,미국,294,4153747200.0,518272,1221527400.0,146274,판타지,전체관람가,일반영화,2018
1233,1234,거울나라의 앨리스,제임스 보빈,,월트디즈니컴퍼니코리아(주),월트디즈니컴퍼니코리아(주),2016-09-07,개봉영화,장편,미국,515,4145733267.0,513202,1251835067.0,146759,어드벤처,12세이상관람가,일반영화,2016
1245,1246,스타워즈: 라이즈 오브 스카이워커,J.J. 에이브럼스,,월트디즈니컴퍼니코리아 유한책임회사,월트디즈니컴퍼니코리아 유한책임회사,2020-01-08,개봉영화,장편,미국,957,4704790210.0,507265,1697379020.0,168273,액션,12세이상관람가,일반영화,2020
1263,1264,곰돌이 푸 다시 만나 행복해,마크 포스터,,월트디즈니컴퍼니코리아 유한책임회사,월트디즈니컴퍼니코리아 유한책임회사,2018-10-03,개봉영화,장편,미국,536,4076578860.0,490307,1514773210.0,175858,어드벤처,전체관람가,일반영화,2018
1268,1269,카3: 새로운 도전,브라이언 피,,월트디즈니컴퍼니코리아 유한책임회사,월트디즈니컴퍼니코리아 유한책임회사,2017-07-13,개봉영화,장편,미국,800,3599544501.0,487916,854573801.0,108150,애니메이션,전체관람가,일반영화,2017
1303,1304,글래스,M. 나이트 샤말란,,월트디즈니컴퍼니코리아 유한책임회사,월트디즈니컴퍼니코리아 유한책임회사,2019-01-17,개봉영화,장편,미국,837,4277452982.0,466475,1422916782.0,148074,드라마,15세이상관람가,일반영화,2019
1325,1326,스파이 지니어스,"닉 브루노,트로이 콴",,월트디즈니컴퍼니코리아 유한책임회사,월트디즈니컴퍼니코리아 유한책임회사,2020-01-22,개봉영화,장편,미국,712,3689131180.0,449876,987127600.0,112433,애니메이션,전체관람가,일반영화,2020
1382,1383,온워드: 단 하루의 기적,댄 스캔론,,월트디즈니컴퍼니코리아 유한책임회사,월트디즈니컴퍼니코리아 유한책임회사,2020-06-17,개봉영화,장편,미국,1138,3581335060.0,416739,1108737520.0,122318,애니메이션,전체관람가,일반영화,2020
1428,1429,론 레인저,고어 버빈스키,,소니픽쳐스릴리징월트디즈니스튜디오스코리아(주),소니픽쳐스릴리징월트디즈니스튜디오스코리아(주),2013-07-04,개봉영화,장편,미국,401,2750149500.0,387527,981855500.0,134579,액션,15세이상관람가,일반영화,2013
1474,1475,크리스마스 캐롤,로버트 저메키스,월트 디즈니 픽쳐스,한국소니픽쳐스릴리징브에나비스타영화㈜,한국소니픽쳐스릴리징브에나비스타영화㈜,2009-11-26,개봉영화,장편,미국,173,2703851150.0,358286,1267721000.0,152012,애니메이션,전체관람가,일반영화,2009
1494,1495,오즈 그레이트 앤드 파워풀,샘 레이미,,소니픽쳐스릴리징월트디즈니스튜디오스코리아(주),소니픽쳐스릴리징월트디즈니스튜디오스코리아(주),2013-03-07,개봉영화,장편,미국,425,2886185000.0,350563,1059535000.0,117879,판타지,전체관람가,일반영화,2013
1504,1505,덤보,팀 버튼,,월트디즈니컴퍼니코리아 유한책임회사,월트디즈니컴퍼니코리아 유한책임회사,2019-03-27,개봉영화,장편,미국,797,2775096512.0,345521,907932642.0,105909,가족,전체관람가,일반영화,2019
1512,1513,숲속으로,롭 마샬,,월트디즈니컴퍼니코리아(주),월트디즈니컴퍼니코리아(주),2014-12-24,개봉영화,장편,미국,356,2596533288.0,341882,991696988.0,126865,뮤지컬,전체관람가,일반영화,2014
1521,1522,브링 더 소울 : 더 무비,박준수,"빅히트 엔터테인먼트,(주)캠프엔터테인먼트",,"CGV ICECON,월트디즈니컴퍼니코리아 유한책임회사",2019-08-07,개봉영화,장편,한국,569,2902500310.0,336074,952482010.0,102179,기타,전체관람가,일반영화,2019
1532,1533,상하이 나이츠,데이빗 돕킨,,"월트디즈니컴퍼니코리아(주),한국소니픽쳐스릴리징브에나비스타영화㈜",월트디즈니컴퍼니코리아(주),2003-02-14,개봉영화,장편,미국,0,0.0,332144,0.0,111086,코미디,12세관람가,일반영화,2003
1581,1582,번 더 스테이지: 더 무비,박준수,"빅히트 엔터테인먼트,(주)캠프엔터테인먼트",,월트디즈니컴퍼니코리아 유한책임회사,2018-11-15,개봉영화,장편,한국,243,2671391900.0,315010,776472800.0,87249,기타,전체관람가,일반영화,2018
1587,1588,비행기 2: 소방구조대,로버츠 개너웨이,,소니픽쳐스릴리징월트디즈니스튜디오스코리아(주),소니픽쳐스릴리징월트디즈니스튜디오스코리아(주),2014-08-13,개봉영화,장편,미국,341,2246970700.0,311456,431524600.0,55755,애니메이션,전체관람가,일반영화,2014
1603,1604,리크루트,로저 도널드슨,월트디즈니컴퍼니코리아(주),,월트디즈니컴퍼니코리아(주),2003-03-14,개봉영화,장편,미국,0,0.0,303458,0.0,113100,범죄,15세관람가,일반영화,2003
1698,1699,투모로우랜드,브래드 버드,월트 디즈니 픽쳐스,월트디즈니컴퍼니코리아(주),월트디즈니컴퍼니코리아(주),2015-05-27,개봉영화,장편,미국,435,2082869000.0,265744,682335600.0,83016,액션,12세이상관람가,일반영화,2015
1711,1712,장고:분노의 추적자,쿠엔틴 타란티노,,소니픽쳐스릴리징월트디즈니스튜디오스코리아(주),소니픽쳐스릴리징월트디즈니스튜디오스코리아(주),2013-03-21,개봉영화,장편,미국,342,1883634000.0,260144,908138000.0,120823,서부극(웨스턴),청소년관람불가,일반영화,2013
1758,1759,캡틴 필립스,폴 그린그래스,,소니픽쳐스릴리징월트디즈니스튜디오스코리아(주),소니픽쳐스릴리징월트디즈니스튜디오스코리아(주),2013-10-23,개봉영화,장편,미국,302,1679067434.0,241514,714998434.0,97908,액션,15세이상관람가,일반영화,2013
1775,1776,뮬란,니키 카로,,월트디즈니컴퍼니코리아 유한책임회사,월트디즈니컴퍼니코리아 유한책임회사,2020-09-17,개봉영화,장편,미국,1420,2079737620.0,236247,600704000.0,65400,어드벤처,12세이상관람가,일반영화,2020
1777,1778,보물성,"론 클레멘츠,존 머스커",월트디즈니,한국소니픽쳐스릴리징브에나비스타영화㈜,월트디즈니컴퍼니코리아(주),2003-01-01,개봉영화,장편,미국,0,0.0,235724,0.0,85789,어드벤처,전체관람가,일반영화,2003
1782,1783,비행기,클레이 홀,,소니픽쳐스릴리징월트디즈니스튜디오스코리아(주),소니픽쳐스릴리징월트디즈니스튜디오스코리아(주),2013-12-19,개봉영화,장편,미국,408,1671046500.0,233563,444525500.0,58410,애니메이션,전체관람가,일반영화,2013
1816,1817,메리 포핀스 리턴즈,롭 마샬,,월트디즈니컴퍼니코리아 유한책임회사,월트디즈니컴퍼니코리아 유한책임회사,2019-02-14,개봉영화,장편,미국,573,1816281960.0,224160,816286900.0,97070,판타지,전체관람가,일반영화,2019
1825,1826,냉정과 열정사이,나카에 이사무,,무비즈엔터테인먼트㈜,"하준사,월트디즈니컴퍼니코리아(주)",2003-10-10,개봉영화,장편,일본,0,0.0,222860,0.0,131721,멜로/로맨스,15세관람가,일반영화,2003
1862,1863,한 솔로: 스타워즈 스토리,론 하워드,,월트디즈니컴퍼니코리아 유한책임회사,월트디즈니컴퍼니코리아 유한책임회사,2018-05-24,개봉영화,장편,미국,569,1964276778.0,213980,778382478.0,79048,액션,12세이상관람가,일반영화,2018
1933,1934,모노노케 히메,미야자키 하야오,,대원미디어(주),월트디즈니코리아㈜,2003-04-25,개봉영화,장편,일본,0,0.0,195630,0.0,91785,애니메이션,전체관람가,독립/예술영화,2003
2057,2058,프린세스 다이어리 2,게리 마샬,월트디즈니컴퍼니코리아(주),월트 디즈니 픽쳐스,한국소니픽쳐스릴리징브에나비스타영화㈜,2004-10-29,개봉영화,장편,미국,0,0.0,162789,0.0,63379,멜로/로맨스,전체관람가,일반영화,2004
2201,2202,쉘 위 댄스,피터 첼섬,미라맥스 필름즈,월트디즈니컴퍼니코리아(주),한국소니픽쳐스릴리징브에나비스타영화㈜,2004-11-12,개봉영화,장편,미국,0,0.0,132856,0.0,53508,드라마,12세관람가,일반영화,2004
2238,2239,마이 리틀 자이언트,스티븐 스필버그,,월트디즈니컴퍼니코리아(주),월트디즈니컴퍼니코리아(주),2016-08-10,개봉영화,장편,미국,128,991375900.0,125800,273880100.0,34343,어드벤처,전체관람가,일반영화,2016
2269,2270,히달고,조 존스톤,터치스톤 픽처스,월트디즈니컴퍼니코리아(주),한국소니픽쳐스릴리징브에나비스타영화㈜,2004-03-19,개봉영화,장편,미국,0,0.0,121578,0.0,55063,액션,12세관람가,일반영화,2004
2339,2340,조조 래빗,타이카 와이티티,,월트디즈니컴퍼니코리아 유한책임회사,월트디즈니컴퍼니코리아 유한책임회사,2020-02-05,개봉영화,장편,미국,277,948260200.0,109913,496339340.0,56148,코미디,12세이상관람가,독립/예술영화,2020
2343,2344,언더워터,윌리엄 유뱅크,,월트디즈니컴퍼니코리아 유한책임회사,월트디즈니컴퍼니코리아 유한책임회사,2020-05-27,개봉영화,장편,미국,594,937112800.0,109207,259889160.0,29571,스릴러,15세이상관람가,일반영화,2020
2346,2347,피터와 드래곤,데이빗 로워리,,월트디즈니컴퍼니코리아(주),월트디즈니컴퍼니코리아(주),2016-09-28,개봉영화,장편,미국,167,865600600.0,109137,196519100.0,23706,어드벤처,전체관람가,일반영화,2016
2375,2376,공주와 개구리,"존 머스커,론 클레멘츠",월트디즈니 애니메이션 스튜디오,한국소니픽쳐스릴리징브에나비스타영화㈜,한국소니픽쳐스릴리징브에나비스타영화㈜,2010-01-21,개봉영화,장편,미국,81,716485106.0,105654,299783500.0,41898,애니메이션,전체관람가,일반영화,2010
2377,2378,니드 포 스피드,스캇 워프,,소니픽쳐스릴리징월트디즈니스튜디오스코리아(주),소니픽쳐스릴리징월트디즈니스튜디오스코리아(주),2014-04-16,개봉영화,장편,미국,349,835859900.0,105340,222825000.0,25663,액션,15세이상관람가,일반영화,2014
2693,2694,인보카머스,스콧 데릭슨,,소니픽쳐스릴리징월트디즈니스튜디오스코리아(주),소니픽쳐스릴리징월트디즈니스튜디오스코리아(주),2014-08-21,개봉영화,장편,미국,196,571543200.0,69786,187786600.0,22115,공포(호러),청소년관람불가,일반영화,2014
2719,2720,패시파이어,아담 쉥크만,월트 디즈니 픽쳐스,브에나비스타인터내셔널코리아,브에나비스타인터내셔널코리아,2005-06-03,개봉영화,장편,미국,0,0.0,67499,0.0,30135,액션,전체관람가,일반영화,2005
2778,2779,리틀 프린세스 소피아 : 신비한 섬,제이미 미첼,,월트디즈니컴퍼니코리아 유한책임회사,월트디즈니컴퍼니코리아 유한책임회사,2017-09-28,개봉영화,장편,미국,135,441475500.0,62454,109518000.0,14532,애니메이션,전체관람가,일반영화,2017
2788,2789,뉴 뮤턴트,조쉬 분,,월트디즈니컴퍼니코리아 유한책임회사,월트디즈니컴퍼니코리아 유한책임회사,2020-09-10,개봉영화,장편,미국,817,546115880.0,61897,164593910.0,18270,액션,15세이상관람가,일반영화,2020
2804,2805,허비,안젤라 로빈슨,월트 디즈니 픽쳐스,브에나비스타인터내셔널코리아,브에나비스타인터내셔널코리아,2005-08-19,개봉영화,장편,미국,0,0.0,60643,0.0,14924,코미디,전체관람가,일반영화,2005
2997,2998,와일드,스티브 스파즈 윌리엄스,월트 디즈니 픽쳐스,브에나비스타인터내셔널코리아,브에나비스타인터내셔널코리아,2006-04-20,개봉영화,장편,미국,0,0.0,48094,0.0,13755,애니메이션,전체관람가,일반영화,2006
3024,3025,"그래, 가족",마대윤,"(주)청우필름,(주)26컴퍼니,(주)데이드림",,월트디즈니컴퍼니코리아 유한책임회사,2017-02-15,개봉영화,장편,한국,361,350293300.0,46623,154192600.0,19381,코미디,12세이상관람가,일반영화,2017
3047,3048,리틀 프린세스 소피아: 엘레나와 비밀의 아발로 왕국,제이미 미첼,,월트디즈니컴퍼니코리아 유한책임회사,월트디즈니컴퍼니코리아 유한책임회사,2017-04-13,개봉영화,장편,미국,149,317454000.0,45484,82872000.0,11129,애니메이션,전체관람가,일반영화,2017
3074,3075,프랑켄위니,팀 버튼,,소니픽쳐스릴리징월트디즈니스튜디오스코리아(주),소니픽쳐스릴리징월트디즈니스튜디오스코리아(주),2012-10-11,개봉영화,장편,미국,226,365356000.0,43978,159120500.0,17259,애니메이션,12세이상관람가,일반영화,2012
3111,3112,천국에 다녀온 소년,랜달 월러스,,소니픽쳐스릴리징월트디즈니스튜디오스코리아(주),소니픽쳐스릴리징월트디즈니스튜디오스코리아(주),2014-06-12,개봉영화,장편,미국,25,300249500.0,41957,141613000.0,19082,드라마,전체관람가,일반영화,2014
3140,3141,와사비 레옹 파트 2,제라르 크라브지크,,(주)영유통,월트디즈니코리아㈜,2003-04-11,개봉영화,장편,프랑스,0,0.0,40414,0.0,15057,액션,15세관람가,일반영화,2003
3145,3146,G-포스: 기니피그 특공대,호이트 예이트만,월트 디즈니 픽쳐스,한국소니픽쳐스릴리징브에나비스타영화㈜,한국소니픽쳐스릴리징브에나비스타영화㈜,2010-04-22,개봉영화,장편,미국,80,412084900.0,40161,124918000.0,11835,가족,전체관람가,일반영화,2010
3164,3165,레이디킬러,"조엘 코엔,에단 코엔",터치스톤 픽처스,월트디즈니컴퍼니코리아(주),한국소니픽쳐스릴리징브에나비스타영화㈜,2004-06-04,개봉영화,장편,미국,0,0.0,38883,0.0,32177,코미디,15세관람가,일반영화,2004
3218,3219,콜 오브 와일드,크리스 샌더스,,월트디즈니컴퍼니코리아 유한책임회사,월트디즈니컴퍼니코리아 유한책임회사,2020-05-14,개봉영화,장편,미국,505,306118500.0,36245,92427680.0,10807,어드벤처,12세이상관람가,일반영화,2020
3286,3287,배틀 오브 비보이,벤슨 리,,소니픽쳐스릴리징월트디즈니스튜디오스코리아(주),소니픽쳐스릴리징월트디즈니스튜디오스코리아(주),2014-01-09,개봉영화,장편,미국,80,214900500.0,33360,45827500.0,7054,드라마,12세이상관람가,일반영화,2014
3400,3401,헌티드 맨션,롭 민코프,월트디즈니컴퍼니코리아(주),월트 디즈니 픽쳐스,한국소니픽쳐스릴리징브에나비스타영화㈜,2004-04-15,개봉영화,장편,미국,0,0.0,28611,0.0,9790,코미디,전체관람가,일반영화,2004
3505,3506,정글북 2,스티브 트렌버스,,월트디즈니코리아㈜,월트디즈니코리아㈜,2003-02-21,개봉영화,장편,미국,0,0.0,25429,0.0,6599,애니메이션,전체관람가,일반영화,2003
3725,3726,에이트 빌로우,프랭크 마샬,"월트 디즈니 픽쳐스,스파이글라스 엔터테인먼트",브에나비스타인터내셔널코리아,브에나비스타인터내셔널코리아,2006-04-06,개봉영화,장편,미국,0,0.0,19922,0.0,6584,어드벤처,전체관람가,일반영화,2006
3781,3782,씨비스킷,게리 로스,브에나비스타인터내셔널,,월트디즈니코리아㈜,2003-11-21,개봉영화,장편,미국,0,0.0,18793,0.0,9323,드라마,12세관람가,일반영화,2003
4039,4040,카우 삼총사,"윌 핀,존 샌포드",월트 디즈니 픽쳐스,월트디즈니컴퍼니코리아(주),한국소니픽쳐스릴리징브에나비스타영화㈜,2004-08-06,개봉영화,장편,미국,0,0.0,14396,0.0,5789,애니메이션,전체관람가,일반영화,2004
4115,4116,하이 스쿨 뮤지컬: 졸업반,케니 오테가,월트 디즈니 픽쳐스,한국소니픽쳐스릴리징브에나비스타영화㈜,한국소니픽쳐스릴리징브에나비스타영화㈜,2009-02-19,개봉영화,장편,미국,9,82871663.0,13217,52083000.0,8154,코미디,전체관람가,일반영화,2009
4150,4151,세이빙 미스터 뱅크스,존 리 행콕,,소니픽쳐스릴리징월트디즈니스튜디오스코리아(주),소니픽쳐스릴리징월트디즈니스튜디오스코리아(주),2014-04-03,개봉영화,장편,미국,56,100274300.0,12831,50048800.0,6236,코미디,12세이상관람가,일반영화,2014
4704,4705,투건스,발타자르 코루마쿠르,,소니픽쳐스릴리징월트디즈니스튜디오스코리아(주),소니픽쳐스릴리징월트디즈니스튜디오스코리아(주),2013-11-07,개봉영화,장편,미국,58,49731500.0,7806,16061500.0,2505,액션,청소년관람불가,일반영화,2013
6743,6744,엠티맨,,,월트디즈니컴퍼니코리아 유한책임회사,월트디즈니컴퍼니코리아 유한책임회사,2020-11-19,개봉영화,장편,미국,100,11314120.0,1266,4967810.0,556,공포(호러),15세이상관람가,일반영화,2020
7682,7683,리지 맥과이어,짐 펄,"월트 디즈니 픽쳐스,틴 라이프 프로덕션",월트디즈니컴퍼니코리아(주),한국소니픽쳐스릴리징브에나비스타영화㈜,2004-02-27,개봉영화,장편,미국,0,0.0,442,0.0,442,코미디,전체관람가,일반영화,2004
9006,9007,투스카니의 태양,오드리 웰스,터치스톤 픽처스,월트디즈니컴퍼니코리아(주),한국소니픽쳐스릴리징브에나비스타영화㈜,2004-04-23,개봉영화,장편,미국,0,0.0,103,0.0,103,코미디,15세관람가,일반영화,2004
10606,10607,인휴먼즈,로엘 르네,,월트디즈니컴퍼니코리아 유한책임회사,월트디즈니컴퍼니코리아 유한책임회사,2017-10-11,개봉영화,장편,미국,4,170000.0,17,100000.0,10,액션,12세이상관람가,일반영화,2017
16430,16431,그레이트 월츠,스티브 프레빈,월트 디즈니 픽쳐스,대영영화주식회사,,1973-03-15,개봉영화,단편,미국,0,0.0,0,0.0,55493,드라마,,일반영화,1973
16441,16442,그리즈리 킹,론 케리,월트 디즈니 픽쳐스,화천,,1972-05-27,개봉영화,장편,미국,0,0.0,0,0.0,31217,서부극(웨스턴),,일반영화,1972
16705,16706,남자가 사랑할 때,루이스 만도키,터치스톤 픽처스,월트디즈니,,1994-08-13,개봉영화,장편,미국,0,0.0,0,0.0,141073,드라마,고등학생이상관람가,일반영화,1994
16715,16716,낫씽 투 루즈,스티브 오데커크,터치스톤 픽처스,월트디즈니컴퍼니코리아(주),,1998-01-10,개봉영화,장편,미국,0,0.0,0,0.0,31544,범죄,18세 미만인 자는 관람할 수 없는 등급,일반영화,1998
16805,16806,넉오프,서극,필름워크샵(주),월트디즈니,,1998-10-03,개봉영화,장편,미국,0,0.0,0,0.0,19363,범죄,15세 미만인 자는 관람할 수 없는 등급,일반영화,1998
16935,16936,다이너소어,"에릭 레이톤,랄프 존다그","월트디즈니컴퍼니코리아(주),월트 디즈니 픽쳐스,픽사 애니메이션 스튜디오",,,2000-07-15,개봉영화,장편,미국,0,0.0,0,0.0,654446,애니메이션,전체관람가,일반영화,2000
16995,16996,당신이 잠든 사이에,존 터틀타웁,"카라반 픽쳐스,할리우드픽처스",월트디즈니,,1995-05-13,개봉영화,장편,미국,0,0.0,0,0.0,201119,코미디,고등학생이상관람가,일반영화,1995
17019,17020,대자연의 투쟁,왈론 그린,월트 디즈니 픽쳐스,세기,,1972-05-25,개봉영화,장편,미국,0,0.0,0,0.0,56902,다큐멘터리,,일반영화,1972
17066,17067,더 록,마이클 베이,"할리우드픽처스,제리 브룩하이머 필름",월트디즈니컴퍼니코리아(주),,1996-07-13,개봉영화,장편,미국,0,0.0,0,0.0,906676,액션,고등학생이상관람가,일반영화,1996
17109,17110,덤보 드롭,사이먼 윈서,인터스코프커뮤니케이션,월트디즈니컴퍼니코리아(주),,1996-04-05,개봉영화,장편,미국,0,0.0,0,0.0,808,액션,연소자관람가,일반영화,1996
17295,17296,듀스 비갈로,마이크 미첼,터치스톤 픽처스,월트디즈니컴퍼니코리아(주),,2000-10-28,개봉영화,장편,미국,0,0.0,0,0.0,4769,코미디,18세관람가,일반영화,2000
17340,17341,디플로메틱 시즈,구스타보 그래프-마리노,월트디즈니컴퍼니코리아(주),,,2000-08-26,개봉영화,장편,미국,0,0.0,0,0.0,239,액션,15세관람가,일반영화,2000
17348,17349,딥라이징,스티븐 소머즈,"칼라마리 픽처스,씨너지 픽쳐스,할리우드픽처스,월트디즈니코리아㈜",,,1999-04-17,개봉영화,장편,미국,0,0.0,0,0.0,12021,액션,18세 미만인 자는 관람할 수 없는 등급,일반영화,1999
17398,17399,라스트 댄스,브루스 베레스포드,터치스톤 픽처스,월트디즈니컴퍼니코리아(주),,1996-06-01,개봉영화,장편,미국,0,0.0,0,0.0,17927,드라마,연소자관람불가,일반영화,1996
17426,17427,라운더스,존 달,미라맥스 필름즈,월트디즈니컴퍼니코리아(주),,1999-01-30,개봉영화,장편,미국,0,0.0,0,0.0,53682,드라마,18세 미만인 자는 관람할 수 없는 등급,일반영화,1999
17440,17441,라이온 킹,"로저 알러스,롭 민코프",월트디즈니,브에나비스타인터내셔널코리아/월트디즈니,브에나비스타인터내셔널코리아/월트디즈니,1994-07-02,개봉영화,장편,미국,0,0.0,0,0.0,920948,애니메이션,"연소자관람가,전체관람가",일반영화,1994
17459,17460,랜섬,론 하워드,터치스톤 픽처스,월트디즈니컴퍼니코리아(주),,1996-12-07,개봉영화,장편,미국,0,0.0,0,0.0,508244,액션,고등학생이상관람가,일반영화,1996
17591,17592,로빈슨가의 모험,켄 아나킨,월트 디즈니 픽쳐스,(주)동아수출공사,,1972-07-21,개봉영화,장편,미국,0,0.0,0,0.0,108937,가족,전체관람가,일반영화,1972
17642,17643,룸메이트,피터 예이츠,"할리우드픽처스,인터스코프커뮤니케이션,폴리그램 필름드 엔터테인먼트",월트디즈니,,1995-11-25,개봉영화,장편,미국,0,0.0,0,0.0,25117,코미디,고등학생이상관람가,일반영화,1995
17648,17649,리멤버 타이탄,보아즈 야킨,월트 디즈니 픽쳐스,"브에나비스타,월트디즈니컴퍼니코리아(주)",,2001-04-14,개봉영화,장편,미국,0,0.0,0,0.0,78331,드라마,12세관람가,일반영화,2001
17690,17691,릴로와 스티치,딘 데블로이스,월트디즈니,,브에나비스타인터내셔널코리아,2002-07-19,개봉영화,장편,미국,0,0.0,0,0.0,125360,드라마,전체관람가,일반영화,2002
17791,17792,마이티 조 영,론 언더우드,월트 디즈니 프로덕션,월트디즈니,,2000-04-01,개봉영화,장편,미국,0,0.0,0,0.0,857,어드벤처,전체관람가,일반영화,2000
17952,17953,메트로,토머스 카터,카라반 픽쳐스,월트디즈니컴퍼니코리아(주),,1997-04-19,개봉영화,장편,미국,0,0.0,0,0.0,112947,액션,고등학생이상관람가,일반영화,1997
18006,18007,몬스터 주식회사,"피터 닥터,데이빗 실버맨,리 언크리치",월트디즈니,"브에나비스타,한국소니픽쳐스릴리징브에나비스타영화㈜,소니픽쳐스릴리징월트디즈니스튜디오스코리아(주)","한국소니픽쳐스릴리징브에나비스타영화㈜,소니픽쳐스릴리징월트디즈니스튜디오스코리아(주)",2001-12-20,개봉영화,장편,미국,0,0.0,0,0.0,533244,애니메이션,전체관람가,일반영화,2001
18106,18107,뮤직 오브 하트,웨스 크레이븐,미라맥스 필름즈,월트디즈니컴퍼니코리아(주),,2000-10-21,개봉영화,장편,미국,0,0.0,0,0.0,1601,드라마,전체관람가,일반영화,2000
18109,18110,뮬란,"베리 쿡,토니 밴크로프트",월트디즈니,월트디즈니,,1998-07-17,개봉영화,장편,미국,0,0.0,0,0.0,771194,애니메이션,모든 관람객이 관람할 수 있는 등급,일반영화,1998
18117,18118,미녀와 야수,"게리 트러스데일,커크 와이즈",월트디즈니,"워너브러더스 코리아(주),한국소니픽쳐스릴리징브에나비스타영화㈜","워너브러더스 코리아(주),한국소니픽쳐스릴리징브에나비스타영화㈜",1992-07-04,개봉영화,장편,미국,0,0.0,0,0.0,590904,애니메이션,"연소자관람가,전체관람가",일반영화,1992
18135,18136,미세스 브라운,존 매든,브리티쉬브로드캐스팅코퍼레이션,월트디즈니,,1998-11-14,개봉영화,장편,미국,0,0.0,0,0.0,808,드라마,12세 미만인 자는 관람할 수 없는 등급,일반영화,1998
18232,18233,바로워즈,피터 휴잇,"폴리그램 필름드 엔터테인먼트,워킹 타이틀 필름",월트디즈니코리아㈜,,1999-04-03,개봉영화,장편,미국,0,0.0,0,0.0,256,가족,모든 관람객이 관람할 수 있는 등급,일반영화,1999
18376,18377,벅스 라이프,존 라세터,월트디즈니,월트디즈니,,1998-12-12,개봉영화,장편,미국,0,0.0,0,0.0,369032,애니메이션,모든 관람객이 관람할 수 있는 등급,일반영화,1998
18766,18767,비포 앤 애프터,바벳 슈로더,할리우드픽처스,월트디즈니컴퍼니코리아(주),,1996-03-30,개봉영화,장편,미국,0,0.0,0,0.0,6822,스릴러,고등학생이상관람가,일반영화,1996
18931,18932,사랑하고 싶은 그녀,게리 마샬,터치스톤 픽처스,월트디즈니,,1999-04-03,개봉영화,장편,미국,0,0.0,0,0.0,8324,코미디,15세 미만인 자는 관람할 수 없는 등급,일반영화,1999
19004,19005,산타클로스,존 파스킨,월트디즈니,월트디즈니,,1995-12-09,개봉영화,장편,미국,0,0.0,0,0.0,51745,코미디,연소자관람가,일반영화,1995
19537,19538,스파이 하드,릭 프라이드버그,할리우드픽처스,월트디즈니컴퍼니코리아(주),,1996-08-24,개봉영화,장편,미국,0,0.0,0,0.0,28260,코미디,고등학생이상관람가,일반영화,1996
19608,19609,식스 데이 세븐 나잇,이반 라이트만,터치스톤 픽처스,월트디즈니,,1998-08-15,개봉영화,장편,미국,0,0.0,0,0.0,251925,액션,15세 미만인 자는 관람할 수 없는 등급,일반영화,1998
19639,19640,신부의 아버지 2,찰스 샤이어,터치스톤 픽쳐스,월트디즈니컴퍼니코리아(주),,1996-05-04,개봉영화,장편,미국,0,0.0,0,0.0,15970,코미디,고등학생이상관람가,일반영화,1996
19774,19775,씨스터 액트,에밀 아돌리노,터치스톤 픽처스,월트디즈니,,1993-05-01,개봉영화,장편,미국,0,0.0,0,0.0,303996,코미디,중학생이상관람가,일반영화,1993
19775,19776,씨스터 액트 2,빌 듀크,터치스톤 픽처스,월트디즈니,,1994-04-23,개봉영화,장편,미국,0,0.0,0,0.0,150107,코미디,중학생이상관람가,일반영화,1994
19845,19846,아마겟돈,마이클 베이,제리부룩하이머필름,월트디즈니,,1998-07-03,개봉영화,장편,미국,0,0.0,0,0.0,1170252,SF,12세 미만인 자는 관람할 수 없는 등급,일반영화,1998
19893,19894,아빠는 나의 영웅,스티브 마이너,터치스톤 픽처스,월트디즈니,,1994-06-04,개봉영화,장편,미국,0,0.0,0,0.0,10661,코미디,고등학생이상관람가,일반영화,1994
20036,20037,애들이 줄었어요,조 존스톤,"실버 스크린 파트너스,월트 디즈니 픽쳐스",워너브러더스 코리아(주),,1990-12-22,개봉영화,장편,미국,0,0.0,0,0.0,9117,SF,연소자관람가,일반영화,1990
20173,20174,어벤던,스티븐 개건,월트디즈니코리아㈜,한국소니픽쳐스릴리징브에나비스타영화㈜,월트디즈니코리아㈜,2003-05-30,개봉영화,장편,미국,0,0.0,0,0.0,10,범죄,15세관람가,일반영화,2003
20231,20232,에너미 오브 스테이트,토니 스콧,제리부룩하이머필름,월트디즈니,,1998-12-24,개봉영화,장편,미국,0,0.0,0,0.0,287714,드라마,15세 미만인 자는 관람할 수 없는 등급,일반영화,1998
20273,20274,에어,폴 글레이저,할리우드픽처스,월트디즈니,,1994-10-08,개봉영화,장편,미국,0,0.0,0,0.0,10568,가족,연소자관람가,일반영화,1994
20277,20278,에어 포스 원,볼프강 페터젠,비콘커뮤니케이션즈,월트디즈니,,1997-09-13,개봉영화,장편,미국,0,0.0,0,0.0,663415,드라마,고등학생이상관람가,일반영화,1997
20283,20284,에이리언 마스터,스튜어트 옴,할리우드픽처스,월트디즈니,,1995-04-15,개봉영화,장편,미국,0,0.0,0,0.0,14008,공포(호러),고등학생이상관람가,일반영화,1995
20868,20869,월트디즈니의 노틀담의 꼽추,"게리 트러스데일,커크 와이즈",월트디즈니,월트디즈니컴퍼니코리아(주),,1996-07-06,개봉영화,장편,미국,0,0.0,0,0.0,340485,애니메이션,연소자관람가,일반영화,1996
20869,20870,월트디즈니의 헤라클레스,"론 클레멘츠,존 머스커",월트디즈니,월트디즈니컴퍼니코리아(주),,1997-07-05,개봉영화,장편,미국,0,0.0,0,0.0,242802,애니메이션,연소자관람가,일반영화,1997
20915,20916,위험한 아이들,존 N. 스미스,할리우드픽처스,월트디즈니,,1995-09-30,개봉영화,장편,미국,0,0.0,0,0.0,42636,드라마,고등학생이상관람가,일반영화,1995
21162,21163,인사이더,마이클 만,터치스톤 픽처스,월트디즈니컴퍼니코리아(주),,2000-03-11,개봉영화,장편,미국,0,0.0,0,0.0,22959,스릴러,12세관람가,일반영화,2000
21168,21169,인생은 아름다워,로베르토 베니니,"체키고리그룹 타이거키네마토그라피카,멜람포 시네마토그라피카","(주)키다리이엔티,월트디즈니코리아㈜",(주)키다리이엔티,1999-03-06,개봉영화,장편,이탈리아,0,0.0,0,0.0,225291,드라마,"모든 관람객이 관람할 수 있는 등급,전체관람가",독립/예술영화,1999
21171,21172,인스팅트,존 터틀타웁,"스파이글라스 엔터테인먼트,터치스톤 픽쳐스",월트디즈니,,1999-06-12,개봉영화,장편,미국,0,0.0,0,0.0,43253,드라마,12세관람가,일반영화,1999
21175,21176,인어공주,"존 머스커,론 클레멘츠",월트디즈니,월트디즈니컴퍼니코리아(주),,1991-12-21,개봉영화,장편,미국,0,0.0,0,0.0,442883,애니메이션,연소자관람가,일반영화,1991
21194,21195,일 포스티노,마이클 래드포드,체키고리그룹 타이거키네마토그라피카,"(주)영화사 진진,월트디즈니",(주)영화사 진진,1996-03-09,개봉영화,장편,이탈리아,0,0.0,0,0.0,13704,드라마,"고등학생이상관람가,15세이상관람가",독립/예술영화,1996
21278,21279,잠복근무2,존 바담,터치스톤 픽처스,월트디즈니,,1993-11-13,개봉영화,장편,미국,0,0.0,0,0.0,18247,드라마,중학생이상관람가,일반영화,1993
21279,21280,잠자는 숲속의 공주,클라이드 제로니미,월트 디즈니 픽쳐스,국제,,1973-07-25,개봉영화,장편,미국,0,0.0,0,0.0,42868,판타지,전체관람가,일반영화,1973
21387,21388,정글2정글,존 파스킨,월트디즈니,월트디즈니컴퍼니코리아(주),,1997-05-31,개봉영화,장편,미국,0,0.0,0,0.0,3025,코미디,연소자관람가,일반영화,1997
21389,21390,정글북,스티븐 소머즈,월트 디즈니 픽쳐스,,,1995-01-28,개봉영화,장편,미국,0,0.0,0,0.0,86030,드라마,연소자관람가,일반영화,1995
21442,21443,제이제이,조나단 린,할리우드픽처스,월트디즈니,,1993-10-23,개봉영화,장편,미국,0,0.0,0,0.0,14478,코미디,고등학생이상관람가,일반영화,1993
21464,21465,조이 럭 클럽,웨인 왕,할리우드픽처스,월트디즈니,,1994-01-22,개봉영화,장편,미국,0,0.0,0,0.0,133680,드라마,고등학생이상관람가,일반영화,1994
21466,21467,조지 오브 정글,샘 와이즈만,월트디즈니,월트디즈니,,1998-04-25,개봉영화,장편,미국,0,0.0,0,0.0,41755,어드벤처,모든 관람객이 관람할 수 있는 등급,일반영화,1998
22066,22067,콘에어,사이먼 웨스트,제리부룩하이머필름,월트디즈니컴퍼니코리아(주),,1997-06-28,개봉영화,장편,미국,0,0.0,0,0.0,979100,액션,고등학생이상관람가,일반영화,1997
22083,22084,쿨 러닝,존 터틀타웁,월트 디즈니 픽쳐스,월트디즈니,,1994-02-05,개봉영화,장편,미국,0,0.0,0,0.0,49222,드라마,연소자관람가,일반영화,1994
22090,22091,퀴즈 쇼,로버트 레드포드,"볼티모어픽쳐스,할리우드픽처스",월트디즈니,,1995-03-04,개봉영화,장편,미국,0,0.0,0,0.0,44950,드라마,고등학생이상관람가,일반영화,1995
22138,22139,크림슨 타이드,토니 스콧,"돈 심슨/제리부룩하이머 필름,할리우드픽처스",월트디즈니,,1995-09-08,개봉영화,장편,미국,0,0.0,0,0.0,164971,액션,고등학생이상관람가,일반영화,1995
22221,22222,타잔,"케빈 리마,크리스 벅",월트 디즈니 픽쳐스,브에나비스타인터내셔널코리아/월트디즈니,브에나비스타인터내셔널코리아/월트디즈니,1999-07-17,개봉영화,장편,미국,0,0.0,0,0.0,726542,애니메이션,전체관람가,일반영화,1999
22265,22266,터미날 스피드,데란 사라피안,할리우드픽처스,월트디즈니,,1994-11-17,개봉영화,장편,미국,0,0.0,0,0.0,319575,미스터리,고등학생이상관람가,일반영화,1994
22282,22283,털보 대소동,로버트 스티븐슨,월트 디즈니 픽쳐스,(주)동아수출공사,,1972-04-08,개봉영화,장편,미국,0,0.0,0,0.0,45148,코미디,,일반영화,1972
22312,22313,토이 스토리,존 래스터,픽사 애니메이션 스튜디오,월트디즈니컴퍼니코리아(주),,1995-12-30,개봉영화,장편,미국,0,0.0,0,0.0,317994,애니메이션,연소자관람가,일반영화,1995
22313,22314,토이 스토리 2,"존 라세터,리 언크리치,애쉬 브래넌","픽사 애니메이션 스튜디오,월트 디즈니 픽쳐스",,,1999-12-18,개봉영화,장편,미국,0,0.0,0,0.0,664180,애니메이션,전체관람가,일반영화,1999
22395,22396,티거무비,준 폴켄스타인,월트 디즈니 픽쳐스,,브에나비스타인터내셔널코리아,2000-05-04,개봉영화,장편,미국,0,0.0,0,0.0,7212,애니메이션,전체관람가,일반영화,2000
22433,22434,파우더,빅터 살바,브에나비스타인터내셔널코리아,월트디즈니,,1997-08-23,개봉영화,장편,미국,0,0.0,0,0.0,104,드라마,고등학생이상관람가,일반영화,1997
22496,22497,패컬티,로버트 로드리게즈,"디멘션 필름즈,로스 훌리건스 프로덕션즈",브에나비스타인터내셔널코리아/월트디즈니,,1999-05-22,개봉영화,장편,미국,0,0.0,0,0.0,19832,SF,18세관람가,일반영화,1999
22523,22524,페노메논,존 터틀타웁,터치스톤 픽처스,월트디즈니컴퍼니코리아(주),,1996-09-21,개봉영화,장편,미국,0,0.0,0,0.0,94804,판타지,고등학생이상관람가,일반영화,1996
22533,22534,페이스오프,오우삼,파라마운트 픽쳐스,브에나비스타인터내셔널코리아/월트디즈니,,1997-08-09,개봉영화,장편,미국,0,0.0,0,0.0,716107,액션,연소자관람불가,일반영화,1997
22565,22566,포카혼타스,"마이크 가브리엘,에릭 골드버그",월트디즈니,월트디즈니,,1995-07-01,개봉영화,장편,미국,0,0.0,0,0.0,280683,애니메이션,연소자관람가,일반영화,1995
22687,22688,프리쳐스 와이프,페니 마샬,브에나비스타인터내셔널코리아,월트디즈니컴퍼니코리아(주),,1997-02-22,개봉영화,장편,미국,0,0.0,0,0.0,9114,드라마,중학생이상관람가,일반영화,1997
22706,22707,플러버,레스 메이필드,월트디즈니,월트디즈니컴퍼니코리아(주),,1997-12-20,개봉영화,장편,미국,0,0.0,0,0.0,170774,코미디,모든 관람객이 관람할 수 있는 등급,일반영화,1997
22743,22744,피터팬,"해밀턴 러스트,윌프레드 잭슨",월트디즈니,워너브러더스 코리아(주),,1992-12-18,개봉영화,장편,미국,0,0.0,0,0.0,43520,가족,연소자관람가,일반영화,1992
22744,22745,피터팬의 리턴 투 네버랜드,"로빈 버드,도노반 쿡",월트디즈니,한국소니픽쳐스릴리징브에나비스타영화㈜,한국소니픽쳐스릴리징브에나비스타영화㈜,2002-05-02,개봉영화,장편,미국,0,0.0,0,0.0,2172,드라마,전체관람가,일반영화,2002
22959,22960,형사 가제트,데이빗 켈로그,"카라반 픽쳐스,DiC 엔터프라이즈,월트 디즈니 픽쳐스",,브에나비스타인터내셔널코리아/월트디즈니,1999-08-07,개봉영화,장편,미국,0,0.0,0,0.0,85313,액션,전체관람가,일반영화,1999
22978,22979,호스 위스퍼러,로버트 레드포드,터치스톤 픽처스,월트디즈니,,1998-06-06,개봉영화,장편,미국,0,0.0,0,0.0,31857,드라마,12세 미만인 자는 관람할 수 없는 등급,일반영화,1998
23078,23079,환타지아,"사무엘 암스트롱,포드 비브",월트 디즈니 픽쳐스,,,1982-10-01,개봉영화,장편,미국,0,0.0,0,0.0,111653,가족,연소자관람가,일반영화,1982
23079,23080,환타지아2000,"제임스 알거,헨델 부토이,에릭 골드버그,괴탄 브릿지,폴 브릿지",월트 디즈니 픽쳐스,월트디즈니컴퍼니코리아(주),,2000-08-05,개봉영화,장편,미국,0,0.0,0,0.0,19994,애니메이션,전체관람가,일반영화,2000
23249,23250,101 달마시안,스티븐 헤렉,월트 디즈니 픽쳐스,월트디즈니컴퍼니코리아(주),,1996-12-21,개봉영화,장편,미국,0,0.0,0,0.0,283807,가족,연소자관람가,일반영화,1996
23250,23251,102 달마시안,케빈 리마,월트 디즈니 픽쳐스,월트디즈니컴퍼니코리아(주),브에나비스타픽쳐스,2000-12-22,개봉영화,장편,미국,0,0.0,0,0.0,80243,가족,전체관람가,일반영화,2000
23369,23370,ET,스티븐 스필버그,,월트디즈니,브에나비스타인터내셔널코리아/월트디즈니,2002-04-05,개봉영화,장편,미국,0,0.0,0,0.0,55295,SF,전체관람가,일반영화,2002
